{"format": "layers-model", "generatedBy": "keras v2.15.0", "convertedBy": "TensorFlow.js Converter v4.20.0", "modelTopology": {"keras_version": "2.15.0", "backend": "tensorflow", "model_config": {"class_name": "Sequential", "config": {"name": "cnn_model", "layers": [{"class_name": "InputLayer", "config": {"batch_input_shape": [null, 59], "dtype": "float32", "sparse": false, "ragged": false, "name": "embedding_input"}}, {"class_name": "Embedding", "config": {"name": "embedding", "trainable": false, "dtype": "float32", "batch_input_shape": [null, 59], "input_dim": 582, "output_dim": 300, "embeddings_initializer": {"module": "keras.initializers", "class_name": "RandomUniform", "config": {"minval": -0.05, "maxval": 0.05, "seed": null}, "registered_name": null}, "embeddings_regularizer": null, "activity_regularizer": null, "embeddings_constraint": null, "mask_zero": false, "input_length": 59}}, {"class_name": "Conv1D", "config": {"name": "conv1d", "trainable": true, "dtype": "float32", "filters": 128, "kernel_size": [5], "strides": [1], "padding": "valid", "data_format": "channels_last", "dilation_rate": [1], "groups": 1, "activation": "relu", "use_bias": true, "kernel_initializer": {"module": "keras.initializers", "class_name": "GlorotUniform", "config": {"seed": null}, "registered_name": null}, "bias_initializer": {"module": "keras.initializers", "class_name": "Zeros", "config": {}, "registered_name": null}, "kernel_regularizer": null, "bias_regularizer": null, "activity_regularizer": null, "kernel_constraint": null, "bias_constraint": null}}, {"class_name": "BatchNormalization", "config": {"name": "batch_normalization", "trainable": true, "dtype": "float32", "axis": [2], "momentum": 0.99, "epsilon": 0.001, "center": true, "scale": true, "beta_initializer": {"module": "keras.initializers", "class_name": "Zeros", "config": {}, "registered_name": null}, "gamma_initializer": {"module": "keras.initializers", "class_name": "Ones", "config": {}, "registered_name": null}, "moving_mean_initializer": {"module": "keras.initializers", "class_name": "Zeros", "config": {}, "registered_name": null}, "moving_variance_initializer": {"module": "keras.initializers", "class_name": "Ones", "config": {}, "registered_name": null}, "beta_regularizer": null, "gamma_regularizer": null, "beta_constraint": null, "gamma_constraint": null}}, {"class_name": "GlobalMaxPooling1D", "config": {"name": "global_max_pooling1d", "trainable": true, "dtype": "float32", "data_format": "channels_last", "keepdims": false}}, {"class_name": "Dropout", "config": {"name": "dropout", "trainable": true, "dtype": "float32", "rate": 0.5, "noise_shape": null, "seed": null}}, {"class_name": "Dense", "config": {"name": "dense", "trainable": true, "dtype": "float32", "units": 256, "activation": "relu", "use_bias": true, "kernel_initializer": {"module": "keras.initializers", "class_name": "GlorotUniform", "config": {"seed": null}, "registered_name": null}, "bias_initializer": {"module": "keras.initializers", "class_name": "Zeros", "config": {}, "registered_name": null}, "kernel_regularizer": {"module": "keras.regularizers", "class_name": "L2", "config": {"l2": 0.009999999776482582}, "registered_name": null}, "bias_regularizer": null, "activity_regularizer": null, "kernel_constraint": null, "bias_constraint": null}}, {"class_name": "Dense", "config": {"name": "dense_1", "trainable": true, "dtype": "float32", "units": 159, "activation": "softmax", "use_bias": true, "kernel_initializer": {"module": "keras.initializers", "class_name": "GlorotUniform", "config": {"seed": null}, "registered_name": null}, "bias_initializer": {"module": "keras.initializers", "class_name": "Zeros", "config": {}, "registered_name": null}, "kernel_regularizer": null, "bias_regularizer": null, "activity_regularizer": null, "kernel_constraint": null, "bias_constraint": null}}]}}, "training_config": {"loss": "sparse_categorical_crossentropy", "metrics": [[{"class_name": "MeanMetricWrapper", "config": {"name": "accuracy", "dtype": "float32", "fn": "sparse_categorical_accuracy"}}]], "weighted_metrics": null, "loss_weights": null, "optimizer_config": {"class_name": "Custom>Adam", "config": {"name": "Adam", "weight_decay": null, "clipnorm": null, "global_clipnorm": null, "clipvalue": null, "use_ema": false, "ema_momentum": 0.99, "ema_overwrite_frequency": null, "jit_compile": true, "is_legacy_optimizer": false, "learning_rate": 0.0010000000474974513, "beta_1": 0.9, "beta_2": 0.999, "epsilon": 1e-07, "amsgrad": false}}}}, "weightsManifest": [{"paths": ["group1-shard1of1.bin"], "weights": [{"name": "batch_normalization/gamma", "shape": [128], "dtype": "float32"}, {"name": "batch_normalization/beta", "shape": [128], "dtype": "float32"}, {"name": "batch_normalization/moving_mean", "shape": [128], "dtype": "float32"}, {"name": "batch_normalization/moving_variance", "shape": [128], "dtype": "float32"}, {"name": "conv1d/kernel", "shape": [5, 300, 128], "dtype": "float32"}, {"name": "conv1d/bias", "shape": [128], "dtype": "float32"}, {"name": "dense/kernel", "shape": [128, 256], "dtype": "float32"}, {"name": "dense/bias", "shape": [256], "dtype": "float32"}, {"name": "dense_1/kernel", "shape": [256, 159], "dtype": "float32"}, {"name": "dense_1/bias", "shape": [159], "dtype": "float32"}, {"name": "embedding/embeddings", "shape": [582, 300], "dtype": "float32"}]}]}